 [
    {"ID":"O0685","Name":"Suhas V","Skills":".NET, Java, Angular 2, HTML, C++","Position":"Software Engineer","Exp":"2.5 years"
                ,"PhoneNo":"9900762852","DOB":"2.5 months","DOJ":"2016-11-07","Trainings":"Angular2"
                ,"PreviousEmployer":"ABB","Location":"Bangalore","Degree":"BE","Stream":"CS"},
    {"ID":"O0684","Name":"Shilpa Bhat","Skills":".NET","Position":"Software Engineer","Exp":"2.5 years"
                ,"PhoneNo":"8867871756","DOB":"2.5 months","DOJ":"2016-11-07","Trainings":"Angular2"
                ,"PreviousEmployer":"ABB","Location":"Bangalore","Degree":"BE","Stream":"CS"},
    {"ID":"O0683","Name":"Sameer  Desai","Skills":"Java","Position":"Project Trainee","Exp":"1.2 years"
                ,"PhoneNo":"9900762852","DOB":"1 month","DOJ":"2016-12-20","Trainings":"Swings API"
                ,"PreviousEmployer":"HCL","Location":"Bangalore","Degree":"BE","Stream":"EC"},
    {"ID":"O0663","Name":"Tushar K Naik","Skills":"Clojure,Java","Position":"Software Engineer","Exp":"2.6 years"
                ,"PhoneNo":"9945762856","DOB":"3 months","DOJ":"2016-10-20","Trainings":"J2EE"
                ,"PreviousEmployer":"Flipkart","Location":"Bangalore","Degree":"BE","Stream":"CS"},
    {"ID":"M0411","Name":"Vamanan T S","Skills":"Big Data, Tableau","Position":"Software Engineer","Exp":"1.2 years"
                ,"PhoneNo":"9900768790","DOB":"2 months","DOJ":"2016-11-20","Trainings":"Analytics"
                ,"PreviousEmployer":"Niara Inc","Location":"United States Of America","Degree":"BE","Stream":"CS"},
    {"ID":"F0047","Name":"Shwetha","Skills":"Java","Position":"Senior Software Engineer","Exp":"5.4 years"
                ,"PhoneNo":"9923762640","DOB":"1 month","DOJ":"2016-12-20","Trainings":"Angular2"
                ,"PreviousEmployer":"Infosys","Location":"Noida","Degree":"BE","Stream":"IS"},
    {"ID":"F0047","Name":"Trilok","Skills":"Angular 2, C++","Position":"Associate Architect","Exp":"1 year"
                ,"PhoneNo":"9923762640","DOB":"4.5 months","DOJ":"2016-8-20","Trainings":"Angular2,Mango DB"
                ,"PreviousEmployer":"Wipro","Location":"Noida","Degree":"BE","Stream":"EC"},
    {"ID":"F0047","Name":"Pradeep","Skills":"Java, Angular 2, Javascript","Position":"Architect","Exp":"8 years"
                ,"PhoneNo":"9923762640","DOB":"3.5 months","DOJ":"2016-9-20","Trainings":"Angular 2, HTML"
                ,"PreviousEmployer":"Accenture","Location":"Bangalore","Degree":"BE","Stream":"ME"},
    {"ID":"F0047","Name":"Biju","Skills":".NET, HTML, Javascript","Position":"Project Manager","Exp":"14 years"
                ,"PhoneNo":"9923762640","DOB":"7 months","DOJ":"2016-7-20","Trainings":".NET, Java"
                ,"PreviousEmployer":"NTT Data","Location":"Noida","Degree":"BE","Stream":"CS"}
    
                ]